{
  "authorized": {
    "8617443875": {
      "authorized_at": 1783371694.3100789
    },
    "6671003365": {
      "authorized_at": 1783444232.2538402
    }
  },
  "notified_admin": [],
  "inquiry_sources": {},
  "free_preview_used": []
}